{"stats":{"minecraft:mined":{"jeg:scrap_ore":17,"minecraft:dandelion":48,"minecraft:glow_lichen":1,"minecraft:crafting_table":1,"minecraft:torch":6,"minecraft:granite":7,"minecraft:grass_block":10,"minecraft:poppy":26,"minecraft:copper_ore":28,"minecraft:tall_grass":3,"minecraft:cobblestone":12,"minecraft:spruce_leaves":1,"minecraft:oak_planks":4,"minecraft:diorite":7,"minecraft:wall_torch":1,"minecraft:iron_ore":21,"minecraft:grass":18,"minecraft:red_tulip":1,"minecraft:oak_log":30,"minecraft:coal_ore":48,"minecraft:sunflower":1,"minecraft:gravel":1,"minecraft:dirt":5,"minecraft:stone":64,"minecraft:oak_leaves":13},"minecraft:crafted":{"minecraft:oak_planks":120,"minecraft:crafting_table":1,"minecraft:iron_sword":1,"minecraft:lever":4,"sanitydim:garland":2,"minecraft:stick":16,"minecraft:iron_ingot":30,"minecraft:white_bed":1,"minecraft:torch":40},"minecraft:killed_by":{"mutationcraft:assimilated_pig":1,"minecraft:player":4,"mutationcraft:necroptor":1,"the_one_who_watches:toww_running":1,"mutationcraft:assimilated_roamer":1,"mutationcraft:developed_roamer":1,"mutationcraft:assimilated_enderman":1},"minecraft:dropped":{"minecraft:gravel":1,"minecraft:kelp":6,"minecraft:wheat_seeds":1,"minecraft:oak_planks":21,"minecraft:granite":5,"minecraft:dirt":10,"jeg:revolver":1,"minecraft:gunpowder":1,"minecraft:torch":3,"minecraft:spider_eye":1,"minecraft:iron_axe":1,"minecraft:red_tulip":6,"jeg:tech_trash":4,"minecraft:black_wool":1,"mutationcraft:putrid_claw":4,"minecraft:bone":3},"minecraft:used":{"minecraft:oak_planks":4,"minecraft:shield":6,"minecraft:iron_sword":4,"minecraft:green_bed":1,"minecraft:torch":30,"minecraft:dirt":1,"minecraft:lime_bed":1,"minecraft:crafting_table":2,"minecraft:white_bed":1,"minecraft:granite":2,"minecraft:bread":29,"minecraft:iron_axe":175,"minecraft:iron_pickaxe":218,"jeg:double_barrel_shotgun":2,"minecraft:cobblestone":17,"jeg:revolver":34},"minecraft:killed":{"minecraft:pig":5,"minecraft:salmon":5,"minecraft:spider":1,"mutationcraft:carnivorae":1,"mutationcraft:miter":3,"minecraft:horse":2,"minecraft:sheep":5,"minecraft:skeleton":2,"mutationcraft:necroptor":4,"mutationcraft:assimilated_horse":1,"mutationcraft:assimilated_sheep":1,"minecraft:zombie":1,"minecraft:chicken":6,"mutationcraft:assimilated_bear":1,"mutationcraft:assimilated_pillager":1},"minecraft:custom":{"minecraft:interact_with_furnace":6,"minecraft:mob_kills":40,"minecraft:animals_bred":1,"minecraft:interact_with_crafting_table":10,"minecraft:leave_game":15,"minecraft:time_since_death":195,"minecraft:sleep_in_bed":6,"minecraft:time_since_rest":227,"minecraft:sprint_one_cm":383719,"minecraft:damage_taken":4427,"minecraft:walk_one_cm":309912,"minecraft:damage_blocked_by_shield":595,"minecraft:drop":26,"minecraft:damage_dealt":4455,"minecraft:swim_one_cm":75372,"minecraft:fly_one_cm":557091,"minecraft:player_kills":1,"minecraft:open_chest":12,"minecraft:play_time":110932,"minecraft:crouch_one_cm":1450,"minecraft:deaths":11,"minecraft:sneak_time":699,"minecraft:walk_under_water_one_cm":6563,"minecraft:jump":2563,"minecraft:walk_on_water_one_cm":17134,"minecraft:total_world_time":110932,"minecraft:fall_one_cm":78670},"minecraft:picked_up":{"minecraft:iron_chestplate":1,"minecraft:lime_bed":1,"minecraft:crafting_table":1,"minecraft:feather":3,"minecraft:chicken":4,"minecraft:salmon":3,"minecraft:leather":1,"minecraft:oak_log":30,"jeg:scrap":32,"minecraft:shield":1,"minecraft:gunpowder":49,"minecraft:lapis_lazuli":6,"minecraft:string":2,"minecraft:dirt":19,"minecraft:raw_copper":90,"minecraft:iron_axe":1,"minecraft:bone":6,"jeg:revolver":1,"minecraft:kelp":6,"minecraft:wheat_seeds":4,"minecraft:iron_ingot":19,"minecraft:poppy":23,"minecraft:iron_pickaxe":1,"jeg:double_barrel_shotgun":1,"minecraft:oak_planks":13,"jeg:tech_trash":4,"minecraft:egg":1,"minecraft:raw_iron":32,"minecraft:stick":6,"jeg:pistol_ammo":34,"minecraft:acacia_log":2,"minecraft:torch":9,"minecraft:green_bed":1,"minecraft:dandelion":48,"minecraft:gravel":1,"mutationcraft:putrid_claw":4,"minecraft:porkchop":11,"minecraft:diorite":7,"minecraft:spider_eye":1,"jeg:handmade_shell":7,"minecraft:arrow":2,"minecraft:red_tulip":6,"minecraft:granite":11,"minecraft:bone_meal":1,"minecraft:bread":32,"minecraft:black_wool":1,"minecraft:mutton":10,"minecraft:coal":74,"minecraft:white_wool":7,"minecraft:cobblestone":73,"minecraft:sunflower":3},"minecraft:broken":{"sanitydim:garland":2}},"DataVersion":3120}