{"stats":{"minecraft:mined":{"minecraft:dandelion":67,"minecraft:torch":8,"minecraft:acacia_log":25,"minecraft:grass_block":9,"minecraft:poppy":4,"minecraft:copper_ore":6,"minecraft:tall_grass":2,"minecraft:grass":7,"minecraft:coal_ore":19,"minecraft:oak_log":4,"minecraft:dirt":8,"minecraft:sunflower":2,"minecraft:stone":5},"minecraft:crafted":{"minecraft:crafting_table":2,"minecraft:wooden_pickaxe":1,"minecraft:stick":32,"minecraft:stone_pickaxe":1,"minecraft:acacia_planks":88,"minecraft:torch":76},"minecraft:killed_by":{"minecraft:player":5,"the_one_who_watches:toww_running":1},"minecraft:dropped":{"mutationcraft:necroptor_membrane":1,"minecraft:raw_copper":23,"minecraft:stick":46,"minecraft:poppy":8,"minecraft:torch":19,"minecraft:mutton":3,"minecraft:sunflower":2,"minecraft:beef":1,"minecraft:stone_pickaxe":1,"minecraft:wooden_pickaxe":8,"minecraft:red_tulip":1,"minecraft:white_wool":3,"minecraft:dandelion":57},"minecraft:used":{"minecraft:acacia_log":1,"minecraft:stone_pickaxe":44,"minecraft:wooden_pickaxe":9,"minecraft:torch":12,"minecraft:dirt":16,"minecraft:crafting_table":2,"minecraft:carrot":1,"minecraft:oak_log":4,"minecraft:iron_axe":49,"minecraft:golden_sword":10,"minecraft:cobblestone":1,"minecraft:beef":1,"jeg:revolver":20,"minecraft:acacia_planks":62},"minecraft:killed":{"minecraft:sheep":3,"mutationcraft:necroptor":2,"minecraft:cow":1},"minecraft:picked_up":{"minecraft:wooden_pickaxe":8,"minecraft:oak_log":4,"minecraft:gunpowder":16,"minecraft:dirt":17,"minecraft:raw_copper":23,"minecraft:iron_axe":1,"minecraft:bone":2,"minecraft:acacia_planks":1,"jeg:revolver":1,"minecraft:stone_pickaxe":1,"minecraft:beef":1,"minecraft:iron_ingot":16,"minecraft:poppy":13,"minecraft:stick":46,"mutationcraft:necroptor_membrane":2,"jeg:pistol_ammo":20,"minecraft:dandelion":129,"minecraft:torch":37,"minecraft:acacia_log":23,"jeg:handmade_shell":5,"minecraft:red_tulip":1,"minecraft:granite":1,"minecraft:coal":19,"minecraft:mutton":3,"minecraft:white_wool":3,"minecraft:cobblestone":5,"minecraft:sunflower":2},"minecraft:custom":{"minecraft:mob_kills":6,"minecraft:interact_with_crafting_table":2,"minecraft:leave_game":1,"minecraft:time_since_death":158,"minecraft:time_since_rest":180,"minecraft:sprint_one_cm":77292,"minecraft:damage_taken":1923,"minecraft:walk_one_cm":110413,"minecraft:drop":22,"minecraft:damage_dealt":632,"minecraft:swim_one_cm":1034,"minecraft:fly_one_cm":81446,"minecraft:open_chest":10,"minecraft:crouch_one_cm":1732,"minecraft:play_time":29566,"minecraft:deaths":6,"minecraft:sneak_time":294,"minecraft:walk_under_water_one_cm":925,"minecraft:jump":784,"minecraft:walk_on_water_one_cm":2048,"minecraft:total_world_time":29566,"minecraft:fall_one_cm":31683},"minecraft:broken":{"minecraft:iron_axe":1}},"DataVersion":3120}