{"stats":{"minecraft:mined":{"minecraft:tall_grass":1,"minecraft:oak_log":1},"minecraft:custom":{"minecraft:jump":13,"minecraft:time_since_rest":3799,"minecraft:damage_dealt":10,"minecraft:damage_taken":10,"minecraft:leave_game":2,"minecraft:play_time":3799,"minecraft:sprint_one_cm":2088,"minecraft:walk_on_water_one_cm":436,"minecraft:time_since_death":3799,"minecraft:walk_one_cm":1676,"minecraft:sneak_time":149,"minecraft:total_world_time":3799,"minecraft:walk_under_water_one_cm":1420,"minecraft:fall_one_cm":544,"minecraft:fly_one_cm":112488},"minecraft:picked_up":{"minecraft:oak_log":1}},"DataVersion":3120}