{"stats":{"minecraft:mined":{"jeg:scrap_ore":37,"minecraft:kelp_plant":2,"minecraft:dandelion":14,"minecraft:crafting_table":5,"minecraft:torch":2,"minecraft:granite":6,"minecraft:grass_block":49,"minecraft:tall_grass":1,"minecraft:cobblestone":10,"minecraft:lapis_ore":2,"minecraft:kelp":1,"minecraft:birch_log":13,"minecraft:iron_ore":11,"minecraft:snow":32,"minecraft:grass":12,"minecraft:oak_log":15,"minecraft:coal_ore":35,"minecraft:gravel":59,"minecraft:dirt":4,"minecraft:acacia_planks":24,"minecraft:stone":36,"minecraft:oak_leaves":2},"minecraft:killed_by":{"mutationcraft:assimilated_donkey":1,"mutationcraft:necroptor":1,"the_one_who_watches:toww_running":2,"mutationcraft:assimilated_wandering_trader":1,"mutationcraft:assimilated_enderman":4,"mutationcraft:assimilated_evoker":1},"minecraft:crafted":{"minecraft:oak_planks":40,"minecraft:stone_shovel":1,"minecraft:crafting_table":3,"minecraft:wooden_pickaxe":1,"minecraft:lever":2,"sanitydim:garland":1,"minecraft:birch_planks":52,"minecraft:stone_axe":1,"minecraft:air":0,"minecraft:cooked_mutton":7,"minecraft:iron_boots":1,"minecraft:iron_chestplate":2,"minecraft:shield":2,"minecraft:iron_axe":2,"minecraft:stick":64,"minecraft:iron_ingot":98,"minecraft:iron_pickaxe":2,"minecraft:stone_pickaxe":1,"minecraft:iron_leggings":1,"minecraft:torch":160},"minecraft:dropped":{"minecraft:iron_ingot":35,"minecraft:bread":33,"mutationcraft:necroptor_membrane":1,"minecraft:wheat_seeds":1,"minecraft:green_bed":1,"minecraft:raw_iron":11,"minecraft:oak_planks":11,"minecraft:coal":28,"minecraft:stick":29,"minecraft:poppy":4,"minecraft:shield":1,"minecraft:gunpowder":64,"minecraft:torch":28,"minecraft:iron_chestplate":1,"minecraft:snowball":7,"minecraft:iron_axe":1,"minecraft:stone_pickaxe":1,"minecraft:wooden_pickaxe":5,"minecraft:iron_pickaxe":1,"mutationcraft:necroptor_bomb":1,"jeg:handmade_shell":3,"jeg:pistol_ammo":54,"minecraft:dandelion":62},"minecraft:used":{"minecraft:oak_fence":110,"minecraft:cobblestone_stairs":8,"minecraft:stone_shovel":125,"minecraft:stone_pickaxe":12,"minecraft:chest":7,"minecraft:wooden_pickaxe":28,"minecraft:shield":25,"minecraft:cobblestone_slab":111,"minecraft:torch":57,"minecraft:dirt":47,"sanitydim:garland":1,"minecraft:oak_slab":130,"minecraft:lime_bed":3,"minecraft:crafting_table":8,"minecraft:granite":5,"minecraft:snowball":27,"minecraft:red_tulip":1,"minecraft:iron_axe":83,"minecraft:bread":34,"minecraft:grass_block":4,"minecraft:iron_pickaxe":105,"minecraft:iron_boots":1,"minecraft:gravel":51,"jeg:scrap_workbench":1,"jeg:double_barrel_shotgun":51,"minecraft:stone_axe":34,"minecraft:golden_sword":26,"minecraft:cobblestone":494,"minecraft:furnace":4,"minecraft:iron_leggings":1},"minecraft:killed":{"mutationcraft:assimilated_donkey":1,"mutationcraft:assimilated_spider":1,"minecraft:creeper":1,"mutationcraft:miter":6,"minecraft:skeleton":1,"mutationcraft:necroptor":9,"minecraft:zombie":4,"mutationcraft:assimilated_pig":1,"mutationcraft:assimilated_wolf":1,"mutationcraft:assimilated_pillager":1},"minecraft:custom":{"minecraft:interact_with_furnace":19,"minecraft:mob_kills":25,"minecraft:interact_with_crafting_table":26,"minecraft:leave_game":5,"minecraft:time_since_death":5040,"minecraft:sleep_in_bed":9,"minecraft:time_since_rest":5053,"minecraft:sprint_one_cm":309785,"minecraft:damage_taken":5339,"minecraft:walk_one_cm":288887,"minecraft:damage_blocked_by_shield":1390,"minecraft:drop":50,"minecraft:damage_dealt":4914,"minecraft:player_kills":9,"minecraft:swim_one_cm":79013,"minecraft:fly_one_cm":611603,"minecraft:open_chest":39,"minecraft:crouch_one_cm":27416,"minecraft:play_time":133985,"minecraft:deaths":13,"minecraft:sneak_time":6509,"minecraft:walk_under_water_one_cm":15330,"minecraft:jump":2355,"minecraft:walk_on_water_one_cm":29237,"minecraft:total_world_time":133985,"minecraft:fall_one_cm":79366},"minecraft:picked_up":{"minecraft:birch_log":13,"minecraft:lime_bed":1,"minecraft:crafting_table":5,"minecraft:wooden_pickaxe":5,"minecraft:flint":7,"minecraft:oak_log":15,"mutationcraft:necroptor_bomb":1,"jeg:scrap":62,"minecraft:gunpowder":1,"minecraft:lapis_lazuli":9,"minecraft:dirt":53,"minecraft:raw_copper":23,"minecraft:acacia_planks":23,"minecraft:kelp":13,"minecraft:wheat_seeds":1,"minecraft:stone_pickaxe":1,"minecraft:beef":1,"minecraft:poppy":4,"jeg:double_barrel_shotgun":1,"minecraft:oak_planks":23,"jeg:tech_trash":12,"mutationcraft:necroptor_membrane":1,"minecraft:stick":23,"minecraft:raw_iron":11,"jeg:pistol_ammo":20,"minecraft:torch":22,"minecraft:dandelion":70,"mutationcraft:putrid_claw":11,"minecraft:gravel":53,"minecraft:carrot":1,"minecraft:spider_eye":1,"jeg:handmade_shell":36,"minecraft:rotten_flesh":2,"minecraft:red_tulip":1,"minecraft:granite":6,"minecraft:bread":1,"minecraft:black_wool":1,"minecraft:coal":37,"minecraft:snowball":34,"minecraft:cobblestone":53}},"DataVersion":3120}