{
  "minecraft:recipes/misc/charcoal": {
    "criteria": {
      "has_log": "2024-06-12 04:39:52 +0000"
    },
    "done": true
  },
  "minecraft:recipes/building_blocks/oak_planks": {
    "criteria": {
      "has_logs": "2024-06-12 04:39:52 +0000"
    },
    "done": true
  },
  "minecraft:recipes/building_blocks/oak_wood": {
    "criteria": {
      "has_log": "2024-06-12 04:39:52 +0000"
    },
    "done": true
  },
  "minecraft:adventure/adventuring_time": {
    "criteria": {
      "minecraft:beach": "2024-06-12 04:39:22 +0000",
      "minecraft:river": "2024-06-12 04:39:10 +0000",
      "minecraft:forest": "2024-06-12 04:38:35 +0000",
      "minecraft:flower_forest": "2024-06-12 04:39:04 +0000",
      "minecraft:plains": "2024-06-12 02:53:48 +0000"
    },
    "done": false
  },
  "DataVersion": 3120
}